{"size":1000,"outerpoints":[[0,0],[0,500],[800,500],[800,0],[0,0]],"innerpoints":[[[0,397],[98,397],[98,500]],[[501,0],[501,198],[799,198]]],"ceiling":3.2,"roomname":"product_example","door":[{"point_1":[0,50],"point_2":[0,350],"height_1":100,"height_2":200},{"point_1":[800,470],"point_2":[800,300],"height_1":0,"height_2":200},{"point_1":[25,397],"point_2":[73,397],"height_1":0,"height_2":200}],"product":[{"product_id":"product_5","position":[0.5888574,0.05000007,-0.779943466],"rotation":0.0},{"product_id":"product_4","position":[2.13718033,0.0499999523,-0.6954539],"rotation":0.9998477}]}